{"cameraMode":{"drawMode":0,"name":"Shaded","section":"Shading Mode"},"sceneLighting":false,"audioPlay":false,"sceneViewState":{"showFog":true,"showMaterialUpdate":false,"showSkybox":true,"showFlares":true,"showImageEffects":true,"showParticleSystems":true},"in2DMode":false,"pivot":{"x":0.3533782958984375,"y":3.5613250732421877,"z":-0.587890625},"rotation":{"x":0.00001834384966059588,"y":0.9999864101409912,"z":-0.00389840267598629,"w":0.004796076565980911},"size":15.025426864624024,"orthographic":true}