{"cameraMode":{"drawMode":0,"name":"Shaded","section":"Shading Mode"},"sceneLighting":false,"audioPlay":false,"sceneViewState":{"showFog":true,"showMaterialUpdate":false,"showSkybox":true,"showFlares":true,"showImageEffects":true,"showParticleSystems":true},"in2DMode":false,"pivot":{"x":9.77311897277832,"y":-1.8494272232055665,"z":-0.47062110900878909},"rotation":{"x":0.052452608942985538,"y":0.9470874071121216,"z":-0.23870417475700379,"w":0.20810651779174806},"size":32.98523712158203,"orthographic":false}