{"cameraMode":{"drawMode":0,"name":"Shaded","section":"Shading Mode"},"sceneLighting":false,"audioPlay":false,"sceneViewState":{"showFog":true,"showMaterialUpdate":false,"showSkybox":true,"showFlares":true,"showImageEffects":true,"showParticleSystems":true},"in2DMode":false,"pivot":{"x":5.960464477539063e-8,"y":0.7544034123420715,"z":-0.0009719580411911011},"rotation":{"x":0.6996475458145142,"y":-5.6636860534808878e-8,"z":-4.7313173467955496e-7,"w":0.7144961357116699},"size":3.8752028942108156,"orthographic":false}