{"cameraMode":{"drawMode":0,"name":"Shaded","section":"Shading Mode"},"sceneLighting":false,"audioPlay":false,"sceneViewState":{"showFog":true,"showMaterialUpdate":false,"showSkybox":true,"showFlares":true,"showImageEffects":true,"showParticleSystems":true},"in2DMode":false,"pivot":{"x":2.411820888519287,"y":0.09348663687705994,"z":-0.2856740951538086},"rotation":{"x":0.00001834384966059588,"y":0.9999864101409912,"z":-0.00389840267598629,"w":0.004796076565980911},"size":8.67043399810791,"orthographic":true}